TEAM_ID,TEAM_NAME,GP,W,L,W_PCT,MIN,E_OFF_RATING,OFF_RATING,E_DEF_RATING,DEF_RATING,E_NET_RATING,NET_RATING,AST_PCT,AST_TO,AST_RATIO,OREB_PCT,DREB_PCT,REB_PCT,TM_TOV_PCT,EFG_PCT,TS_PCT,E_PACE,PACE,PACE_PER40,POSS,PIE,GP_RANK,W_RANK,L_RANK,W_PCT_RANK,MIN_RANK,OFF_RATING_RANK,DEF_RATING_RANK,NET_RATING_RANK,AST_PCT_RANK,AST_TO_RANK,AST_RATIO_RANK,OREB_PCT_RANK,DREB_PCT_RANK,REB_PCT_RANK,TM_TOV_PCT_RANK,EFG_PCT_RANK,TS_PCT_RANK,PACE_RANK,PIE_RANK
1610612737,Atlanta Hawks,82,38,44,0.463,3966.0,103.4,104.9,104.1,105.7,-0.7,-0.7,0.667,1.63,18.8,0.256,0.711,0.485,0.159,0.515,0.554,96.9,95.41,79.51,7892,0.502,1,18,18,18,15,19,15,17,1,7,2,28,13,26,21,9,9,13,17
1610612738,Boston Celtics,82,25,57,0.305,3946.0,99.7,101.9,105.2,106.5,-5.5,-4.6,0.576,1.37,16.2,0.314,0.708,0.505,0.163,0.477,0.517,95.9,94.28,78.57,7745,0.461,1,26,26,26,29,26,17,25,18,25,22,7,16,14,28,28,28,16,26
1610612751,Brooklyn Nets,82,44,38,0.537,3976.0,104.4,105.4,104.9,106.7,-0.6,-1.3,0.585,1.44,16.7,0.26,0.686,0.475,0.155,0.514,0.555,93.7,92.42,77.02,7663,0.492,1,14,14,14,7,15,19,19,14,18,14,27,26,29,16,10,8,25,18
1610612766,Charlotte Bobcats,82,43,39,0.524,3981.0,101.2,103.0,101.2,103.3,0.1,-0.4,0.597,1.76,16.9,0.269,0.73,0.5,0.131,0.481,0.522,94.7,92.93,77.44,7712,0.508,1,16,16,16,6,24,6,16,8,2,13,24,1,17,1,25,24,22,15
1610612741,Chicago Bulls,82,48,34,0.585,3986.0,99.7,101.7,97.8,99.9,1.9,1.9,0.654,1.52,17.6,0.321,0.713,0.518,0.162,0.471,0.518,92.7,90.84,75.7,7549,0.528,1,11,11,11,4,28,2,13,2,15,8,3,12,3,27,30,27,29,7
1610612739,Cleveland Cavaliers,82,33,49,0.402,3986.0,101.3,103.5,104.8,107.0,-3.5,-3.6,0.572,1.49,16.2,0.314,0.711,0.508,0.149,0.479,0.518,95.7,93.69,78.08,7784,0.469,1,22,22,22,4,22,20,23,20,17,21,8,14,11,8,27,26,19,23
1610612742,Dallas Mavericks,82,49,33,0.598,3966.0,109.0,109.5,105.9,107.2,3.0,2.3,0.596,1.74,18.0,0.276,0.694,0.487,0.141,0.526,0.564,95.7,94.94,79.12,7852,0.521,1,10,10,10,15,6,21,12,10,4,6,23,22,25,4,4,6,15,10
1610612743,Denver Nuggets,82,36,46,0.439,3951.0,103.3,105.1,105.4,107.3,-2.1,-2.2,0.584,1.41,16.4,0.31,0.703,0.505,0.16,0.497,0.536,100.7,98.95,82.46,8146,0.481,1,20,20,20,28,18,22,20,15,23,18,11,18,13,24,16,17,3,21
1610612765,Detroit Pistons,82,29,53,0.354,3956.0,102.9,105.2,107.3,109.0,-4.4,-3.7,0.539,1.44,15.6,0.347,0.693,0.511,0.152,0.482,0.514,97.4,95.57,79.64,7874,0.464,1,23,23,23,22,16,25,24,28,19,28,1,24,8,12,24,29,12,25
1610612744,Golden State Warriors,82,51,31,0.622,3966.0,105.3,106.3,99.9,101.4,5.4,4.9,0.591,1.53,17.4,0.284,0.724,0.508,0.155,0.517,0.55,98.5,97.37,81.14,8045,0.528,1,8,8,8,15,12,3,5,12,13,9,22,4,9,15,8,10,5,8
1610612745,Houston Rockets,82,54,28,0.659,3966.0,108.6,109.8,103.1,105.2,5.5,4.6,0.563,1.33,16.1,0.306,0.7,0.513,0.165,0.531,0.571,98.8,97.27,81.06,8040,0.534,1,5,5,5,15,4,13,7,23,27,23,12,20,7,29,3,2,6,6
1610612754,Indiana Pacers,82,56,26,0.683,3956.0,101.5,103.6,96.7,98.9,4.8,4.7,0.56,1.33,15.9,0.296,0.721,0.517,0.162,0.49,0.535,94.9,92.89,77.41,7656,0.545,1,4,4,4,22,21,1,6,26,26,27,16,6,5,26,19,19,23,3
1610612746,Los Angeles Clippers,82,57,25,0.695,3951.0,109.4,111.3,102.1,104.0,7.3,7.3,0.628,1.77,18.3,0.288,0.69,0.496,0.143,0.526,0.567,98.4,96.66,80.55,7954,0.548,1,3,3,3,25,1,9,2,4,1,3,20,25,21,6,5,4,8,2
1610612747,Los Angeles Lakers,82,27,55,0.329,3941.0,101.9,103.2,107.9,109.3,-6.0,-6.0,0.639,1.62,18.1,0.235,0.676,0.459,0.152,0.505,0.542,101.0,99.72,83.1,8177,0.46,1,25,25,25,30,23,28,27,3,8,4,30,30,30,13,13,13,2,27
1610612763,Memphis Grizzlies,82,50,32,0.61,3961.0,103.3,105.5,102.1,103.8,1.2,1.7,0.574,1.59,17.1,0.326,0.718,0.521,0.15,0.494,0.529,92.2,90.58,75.48,7476,0.518,1,9,9,9,20,14,8,14,19,9,12,2,8,1,10,18,21,30,12
1610612748,Miami Heat,82,54,28,0.659,3976.0,109.0,110.0,102.9,105.0,6.1,5.1,0.588,1.52,18.1,0.244,0.686,0.476,0.159,0.554,0.59,93.3,91.9,76.58,7615,0.539,1,5,5,5,7,3,11,4,13,14,5,29,27,28,22,1,1,27,5
1610612749,Milwaukee Bucks,82,15,67,0.183,3976.0,100.2,101.9,108.9,110.2,-8.7,-8.3,0.596,1.42,16.5,0.31,0.678,0.49,0.161,0.479,0.519,94.3,92.96,77.47,7685,0.449,1,30,30,30,7,27,30,29,9,21,16,10,29,23,25,26,25,21,29
1610612750,Minnesota Timberwolves,82,40,42,0.488,3971.0,105.6,107.7,104.1,105.2,1.4,2.6,0.616,1.72,17.3,0.317,0.715,0.508,0.14,0.486,0.535,99.8,98.33,81.94,8139,0.519,1,17,17,17,10,10,12,11,6,5,10,5,9,10,2,21,18,4,11
1610612740,New Orleans Pelicans,82,34,48,0.415,3971.0,104.7,106.2,107.3,109.1,-2.6,-3.0,0.563,1.55,16.5,0.305,0.694,0.497,0.147,0.495,0.537,94.5,93.07,77.56,7703,0.483,1,21,21,21,10,13,27,22,24,11,17,13,23,20,7,17,16,20,20
1610612752,New York Knicks,82,37,45,0.451,3971.0,105.4,107.0,106.5,108.1,-1.0,-1.1,0.542,1.54,16.0,0.291,0.705,0.492,0.141,0.505,0.541,92.6,91.24,76.04,7556,0.49,1,19,19,19,10,11,24,18,27,12,25,18,17,22,3,12,14,28,19
1610612760,Oklahoma City Thunder,82,59,23,0.72,3961.0,108.1,109.4,101.0,103.0,7.1,6.4,0.562,1.43,16.6,0.294,0.722,0.518,0.158,0.52,0.566,97.9,96.33,80.27,7954,0.543,1,2,2,2,20,7,5,3,25,20,15,17,5,4,20,6,5,9,4
1610612753,Orlando Magic,82,23,59,0.28,3991.0,99.3,101.0,104.8,106.6,-5.5,-5.7,0.571,1.41,16.4,0.267,0.714,0.49,0.156,0.487,0.525,95.9,94.27,78.56,7837,0.466,1,28,28,28,2,29,18,26,21,22,20,25,10,24,17,20,22,17,24
1610612755,Philadelphia 76ers,82,19,63,0.232,3971.0,96.8,99.0,107.5,109.0,-10.7,-10.0,0.576,1.29,16.0,0.29,0.684,0.479,0.168,0.475,0.51,101.6,99.74,83.11,8236,0.426,1,29,29,29,14,30,26,30,17,28,26,19,28,27,30,29,30,1,30
1610612756,Phoenix Suns,82,48,34,0.585,3951.0,107.1,108.2,103.8,105.6,3.3,2.6,0.493,1.24,14.7,0.298,0.699,0.5,0.158,0.519,0.558,98.2,96.83,80.69,7973,0.509,1,11,11,11,25,8,14,10,30,29,29,14,21,16,18,7,7,7,14
1610612757,Portland Trail Blazers,82,54,28,0.659,3971.0,108.3,110.4,104.7,106.2,3.5,4.2,0.594,1.69,17.2,0.32,0.713,0.517,0.142,0.504,0.548,97.5,95.9,79.91,7930,0.524,1,5,5,5,10,2,16,8,11,6,11,4,11,6,5,14,11,10,9
1610612758,Sacramento Kings,82,28,54,0.341,3966.0,102.9,105.1,106.3,107.8,-3.4,-2.7,0.511,1.24,14.6,0.316,0.725,0.518,0.159,0.484,0.532,96.7,95.04,79.2,7840,0.473,1,24,24,24,15,17,23,21,29,30,30,6,2,2,23,23,20,14,22
1610612759,San Antonio Spurs,82,62,20,0.756,3951.0,108.2,109.5,100.1,101.4,8.1,8.1,0.621,1.75,19.0,0.261,0.725,0.503,0.15,0.537,0.571,97.1,95.87,79.89,7887,0.555,1,1,1,1,25,5,4,1,5,3,1,26,3,15,9,2,3,11,1
1610612761,Toronto Raptors,82,48,34,0.585,3991.0,105.8,107.9,102.4,104.6,3.5,3.3,0.581,1.5,16.4,0.312,0.701,0.505,0.151,0.498,0.545,94.4,92.48,77.07,7696,0.512,1,11,11,11,2,9,10,9,16,16,19,9,19,12,11,15,12,24,13
1610612762,Utah Jazz,82,25,57,0.305,3956.0,100.6,102.4,109.1,110.1,-8.4,-7.6,0.564,1.39,16.1,0.297,0.708,0.497,0.158,0.484,0.523,93.6,92.32,76.94,7605,0.451,1,26,26,26,22,25,29,28,22,24,24,15,15,19,19,22,23,26,28
1610612764,Washington Wizards,82,44,38,0.537,4011.0,103.3,104.9,102.4,103.6,0.9,1.3,0.601,1.59,17.6,0.286,0.719,0.498,0.153,0.506,0.538,95.5,94.18,78.48,7872,0.504,1,14,14,14,1,20,7,15,7,10,7,21,7,18,14,11,15,18,16
